genome_id	abundance	rank
GCF_000839985.1	0.36192880	1
GCF_003033185.1	0.18880871	2
GCF_000837645.1	0.18028480	3
GCF_000884975.1	0.06646102	4
GCF_000911755.1	0.06631084	5
GCF_000838865.1	0.04167611	6
GCF_002618845.1	0.03214225	7
GCF_000899515.1	0.02805761	8
GCF_000902835.1	0.02045340	9
GCF_000836805.1	0.00679791	10
GCF_002618925.1	0.00460923	11
GCF_002037715.1	0.00152895	12
GCF_000899695.1	0.00055575	13
GCF_001504835.1	0.00028595	14
GCF_000849665.1	0.00009867	15
