genome_id	abundance	rank
GCF_000839985.1	0.36192880	1
GCF_000868225.1	0.18880871	2
GCF_000926495.1	0.18028480	3
GCF_000864545.1	0.06646102	4
GCF_000912015.1	0.06631084	5
GCF_002618965.1	0.04167611	6
GCF_000846145.1	0.03214225	7
GCF_000864665.1	0.02805761	8
GCF_000929995.1	0.02045340	9
GCF_002618925.1	0.00679791	10
GCF_000840785.1	0.00460923	11
GCF_001891055.1	0.00152895	12
GCF_000870025.1	0.00055575	13
GCF_000836805.1	0.00028595	14
GCF_000819615.1	0.00009867	15
