genome_id	abundance	rank
GCF_002618885.1	0.36192880	1
GCF_000882695.1	0.18880871	2
GCF_000928995.1	0.18028480	3
GCF_000864545.1	0.06646102	4
GCF_002270625.1	0.06631084	5
GCF_002618905.1	0.04167611	6
GCF_002614425.1	0.03214225	7
GCF_002219945.1	0.02805761	8
GCF_000873085.1	0.02045340	9
GCF_002618925.1	0.00679791	10
GCF_000884975.1	0.00460923	11
GCF_000903915.1	0.00152895	12
GCF_000864925.1	0.00055575	13
GCF_000836805.1	0.00028595	14
GCF_000849665.1	0.00009867	15
